{
"lengthUnit": "mil",
"components": {
	"fields": ["COMPONENT_NO", "COMPONENT_NAME", "LAYER", "X_COORDINATE", "Y_COORDINATE", "ANGLE"],
	"rows": [
		[1, "C2", "T", 2172.56, 69.22, 90],
		[2, "D1", "T", 10, -205, 270],
		[3, "D2", "T", 670, -205, 270],
		[4, "D3", "T", 1299.84, -205, 270],
		[5, "D4", "T", 2020, -100, 270],
		[6, "D5", "T", 2560, -200, 270],
		[7, "D6", "T", 3190, -200, 270],
		[8, "D7", "T", 3795, -200, 270],
		[9, "D8", "T", 1615, -65, 90],
		[10, "D9", "T", 2320, -100, 270],
		[11, "H1", "T", 1895, -200, 0],
		[12, "LED1", "T", 2145, -93.06, 90],
		[13, "LED2", "T", 1735, -60, 270],
		[14, "R1", "T", 2235, -85, 90],
		[15, "R2", "T", 1895, 70, 90],
		[16, "R3", "T", 1560, 70, 90],
		[17, "U1", "T", 5, -59.06, 270],
		[18, "U2", "T", 634.92, -62.26, 270],
		[19, "U3", "T", 1265, -62.26, 270],
		[20, "U4", "T", 1894.76, -62.26, 270],
		[21, "U5", "T", 2524.68, -62.26, 270],
		[22, "U6", "T", 3154.61, -62.26, 270],
		[23, "U7", "T", 3784.53, -62.26, 270]
	]
},
"pins": {
	"fields": ["PIN_NO", "PIN_NAME", "PIN_X", "PIN_Y", "LAYER", "PIN_TYPE", "NET_NAME", "NET_TYPE", "PAD_SHAPE", "PAD_SIZEX", "PAD_SIZEY", "HOLE_SIZE", "PAD_ANGLE"],
	"rows": [
		[1, "C2_1", 2172.56, 41.66, "T", "SMD", "GND", "GND", "R", 31.5, 35.43, 0, 90],
		[2, "C2_2", 2172.56, 96.78, "T", "SMD", "VCC", "", "R", 31.5, 35.43, 0, 90],
		[3, "D1_1", 9.99, -180, "T", "SMD", "$1N2208", "", "R", 36.61, 14.17, 0, 90],
		[4, "D1_2", 10, -230, "T", "SMD", "HALL", "", "R", 36.61, 14.17, 0, 90],
		[5, "D2_1", 670, -180, "T", "SMD", "$1N2210", "", "R", 36.61, 14.17, 0, 90],
		[6, "D2_2", 670, -230, "T", "SMD", "HALL", "", "R", 36.61, 14.17, 0, 90],
		[7, "D3_1", 1299.84, -180, "T", "SMD", "$1N2212", "", "R", 36.61, 14.17, 0, 90],
		[8, "D3_2", 1299.84, -230, "T", "SMD", "HALL", "", "R", 36.61, 14.17, 0, 90],
		[9, "D4_1", 2020, -75, "T", "SMD", "$1N2214", "", "R", 36.61, 14.17, 0, 90],
		[10, "D4_2", 2020, -125, "T", "SMD", "HALL", "", "R", 36.61, 14.17, 0, 90],
		[11, "D5_1", 2559.99, -175, "T", "SMD", "$1N2216", "", "R", 36.61, 14.17, 0, 90],
		[12, "D5_2", 2559.99, -225, "T", "SMD", "HALL", "", "R", 36.61, 14.17, 0, 90],
		[13, "D6_1", 3189.99, -175, "T", "SMD", "$1N2218", "", "R", 36.61, 14.17, 0, 90],
		[14, "D6_2", 3189.99, -225, "T", "SMD", "HALL", "", "R", 36.61, 14.17, 0, 90],
		[15, "D7_1", 3794.99, -175, "T", "SMD", "$1N2220", "", "R", 36.61, 14.17, 0, 90],
		[16, "D7_2", 3794.99, -225, "T", "SMD", "HALL", "", "R", 36.61, 14.17, 0, 90],
		[17, "D8_1", 1615, -131.63, "T", "SMD", "HALL", "", "R", 37.4, 45.28, 0, 90],
		[18, "D8_2", 1615, 1.63, "T", "SMD", "GND", "GND", "R", 37.4, 45.28, 0, 90],
		[19, "D9_1", 2320, -33.37, "T", "SMD", "VCC", "", "R", 37.4, 45.28, 0, 270],
		[20, "D9_2", 2320, -166.63, "T", "SMD", "GND", "GND", "R", 37.4, 45.28, 0, 270],
		[21, "H1_1", 1795, -200, "T", "DIP", "HALL", "", "R", 66.93, 66.93, 43.31, 0],
		[22, "H1_1", 1795, -200, "B", "DIP", "HALL", "", "R", 66.93, 66.93, 43.31, 0],
		[23, "H1_2", 1895, -200, "T", "DIP", "VCC", "", "C", 66.93, 66.93, 43.31, 0],
		[24, "H1_2", 1895, -200, "B", "DIP", "VCC", "", "C", 66.93, 66.93, 43.31, 0],
		[25, "H1_3", 1995, -200, "T", "DIP", "GND", "GND", "C", 66.93, 66.93, 43.31, 0],
		[26, "H1_3", 1995, -200, "B", "DIP", "GND", "GND", "C", 66.93, 66.93, 43.31, 0],
		[27, "LED1_1", 2145, -126.53, "T", "SMD", "$1N2227", "", "R", 39.37, 35.43, 0, 0],
		[28, "LED1_2", 2145, -59.6, "T", "SMD", "GND", "GND", "R", 39.37, 35.43, 0, 0],
		[29, "LED2_1", 1735, -26.53, "T", "SMD", "$1N2228", "", "R", 39.37, 35.43, 0, 180],
		[30, "LED2_2", 1735, -93.46, "T", "SMD", "HALL", "", "R", 39.37, 35.43, 0, 180],
		[31, "R1_1", 2235, -114.65, "T", "SMD", "$1N2227", "", "R", 31.75, 34.02, 0, 90],
		[32, "R1_2", 2235, -55.34, "T", "SMD", "VCC", "", "R", 31.75, 34.02, 0, 90],
		[33, "R2_1", 1895, 40.35, "T", "SMD", "$1N2228", "", "R", 31.75, 34.02, 0, 90],
		[34, "R2_2", 1895, 99.66, "T", "SMD", "VCC", "", "R", 31.75, 34.02, 0, 90],
		[35, "R3_1", 1560, 40.35, "T", "SMD", "HALL", "", "R", 31.75, 34.02, 0, 90],
		[36, "R3_2", 1560, 99.66, "T", "SMD", "VCC", "", "R", 31.75, 34.02, 0, 90],
		[37, "U1_1", -32.4, -107.68, "T", "SMD", "VCC", "", "R", 42.13, 23.62, 0, 270],
		[38, "U1_2", 42.4, -107.68, "T", "SMD", "$1N2208", "", "R", 42.13, 23.62, 0, 270],
		[39, "U1_3", 5, -10.44, "T", "SMD", "GND", "GND", "R", 42.13, 23.62, 0, 270],
		[40, "U2_1", 597.52, -110.88, "T", "SMD", "VCC", "", "R", 42.13, 23.62, 0, 270],
		[41, "U2_2", 672.32, -110.88, "T", "SMD", "$1N2210", "", "R", 42.13, 23.62, 0, 270],
		[42, "U2_3", 634.92, -13.64, "T", "SMD", "GND", "GND", "R", 42.13, 23.62, 0, 270],
		[43, "U3_1", 1227.6, -110.88, "T", "SMD", "VCC", "", "R", 42.13, 23.62, 0, 270],
		[44, "U3_2", 1302.4, -110.88, "T", "SMD", "$1N2212", "", "R", 42.13, 23.62, 0, 270],
		[45, "U3_3", 1265, -13.64, "T", "SMD", "GND", "GND", "R", 42.13, 23.62, 0, 270],
		[46, "U4_1", 1857.36, -110.88, "T", "SMD", "VCC", "", "R", 42.13, 23.62, 0, 270],
		[47, "U4_2", 1932.16, -110.88, "T", "SMD", "$1N2214", "", "R", 42.13, 23.62, 0, 270],
		[48, "U4_3", 1894.76, -13.64, "T", "SMD", "GND", "GND", "R", 42.13, 23.62, 0, 270],
		[49, "U5_1", 2487.28, -110.88, "T", "SMD", "VCC", "", "R", 42.13, 23.62, 0, 270],
		[50, "U5_2", 2562.09, -110.88, "T", "SMD", "$1N2216", "", "R", 42.13, 23.62, 0, 270],
		[51, "U5_3", 2524.68, -13.64, "T", "SMD", "GND", "GND", "R", 42.13, 23.62, 0, 270],
		[52, "U6_1", 3117.21, -110.88, "T", "SMD", "VCC", "", "R", 42.13, 23.62, 0, 270],
		[53, "U6_2", 3192.01, -110.88, "T", "SMD", "$1N2218", "", "R", 42.13, 23.62, 0, 270],
		[54, "U6_3", 3154.61, -13.64, "T", "SMD", "GND", "GND", "R", 42.13, 23.62, 0, 270],
		[55, "U7_1", 3747.13, -110.88, "T", "SMD", "VCC", "", "R", 42.13, 23.62, 0, 270],
		[56, "U7_2", 3821.93, -110.88, "T", "SMD", "$1N2220", "", "R", 42.13, 23.62, 0, 270],
		[57, "U7_3", 3784.53, -13.64, "T", "SMD", "GND", "GND", "R", 42.13, 23.62, 0, 270]
	]
}
}