{
"lengthUnit": "mil",
"components": {
	"fields": ["COMPONENT_NO", "COMPONENT_NAME", "LAYER", "X_COORDINATE", "Y_COORDINATE", "ANGLE"],
	"rows": [
		[1, "C6", "B", -1050, 395, 270],
		[2, "C7", "T", -35, 505, 270],
		[3, "C8", "T", 1195, 545, 0],
		[4, "C9", "T", 2285, 525, 270],
		[5, "C10", "B", 3385, 395, 270],
		[6, "H1", "T", 1140, 75, 0],
		[7, "U1", "T", -1305, 210, 270],
		[8, "U2", "T", -250, 335, 315],
		[9, "U3", "T", 970, 350, 270],
		[10, "U4", "T", 2517.48, 370, 225],
		[11, "U5", "T", 3600, 230, 270],
		[12, "U6", "T", -280, 55, 0],
		[13, "U7", "T", 2547.48, 60, 180]
	]
},
"pins": {
	"fields": ["PIN_NO", "PIN_NAME", "PIN_X", "PIN_Y", "LAYER", "PIN_TYPE", "NET_NAME", "NET_TYPE", "PAD_SHAPE", "PAD_SIZEX", "PAD_SIZEY", "HOLE_SIZE", "PAD_ANGLE"],
	"rows": [
		[1, "C6_1", -1050, 422.56, "B", "SMD", "L1", "", "R", 31.5, 35.43, 0, 270],
		[2, "C6_2", -1050, 367.44, "B", "SMD", "GND", "GND", "R", 31.5, 35.43, 0, 270],
		[3, "C7_1", -35, 532.56, "T", "SMD", "L2", "", "R", 31.5, 35.43, 0, 270],
		[4, "C7_2", -35, 477.44, "T", "SMD", "GND", "GND", "R", 31.5, 35.43, 0, 270],
		[5, "C8_1", 1167.44, 545, "T", "SMD", "L3", "", "R", 31.5, 35.43, 0, 0],
		[6, "C8_2", 1222.56, 545, "T", "SMD", "GND", "GND", "R", 31.5, 35.43, 0, 0],
		[7, "C9_1", 2285, 552.56, "T", "SMD", "L4", "", "R", 31.5, 35.43, 0, 270],
		[8, "C9_2", 2285, 497.44, "T", "SMD", "GND", "GND", "R", 31.5, 35.43, 0, 270],
		[9, "C10_1", 3385, 422.56, "B", "SMD", "L5", "", "R", 31.5, 35.43, 0, 270],
		[10, "C10_2", 3385, 367.44, "B", "SMD", "GND", "GND", "R", 31.5, 35.43, 0, 270],
		[11, "H1_1", 840, 75, "T", "DIP", "GND", "GND", "R", 62.99, 62.99, 39.37, 0],
		[12, "H1_1", 840, 75, "B", "DIP", "GND", "GND", "R", 62.99, 62.99, 39.37, 0],
		[13, "H1_2", 940, 75, "T", "DIP", "L1", "", "C", 62.99, 62.99, 39.37, 0],
		[14, "H1_2", 940, 75, "B", "DIP", "L1", "", "C", 62.99, 62.99, 39.37, 0],
		[15, "H1_3", 1040, 75, "T", "DIP", "L2", "", "C", 62.99, 62.99, 39.37, 0],
		[16, "H1_3", 1040, 75, "B", "DIP", "L2", "", "C", 62.99, 62.99, 39.37, 0],
		[17, "H1_4", 1140, 75, "T", "DIP", "L3", "", "C", 62.99, 62.99, 39.37, 0],
		[18, "H1_4", 1140, 75, "B", "DIP", "L3", "", "C", 62.99, 62.99, 39.37, 0],
		[19, "H1_5", 1240, 75, "T", "DIP", "L4", "", "C", 62.99, 62.99, 39.37, 0],
		[20, "H1_5", 1240, 75, "B", "DIP", "L4", "", "C", 62.99, 62.99, 39.37, 0],
		[21, "H1_6", 1340, 75, "T", "DIP", "L5", "", "C", 62.99, 62.99, 39.37, 0],
		[22, "H1_6", 1340, 75, "B", "DIP", "L5", "", "C", 62.99, 62.99, 39.37, 0],
		[23, "H1_7", 1440, 75, "T", "DIP", "GND", "GND", "C", 62.99, 62.99, 39.37, 0],
		[24, "H1_7", 1440, 75, "B", "DIP", "GND", "GND", "C", 62.99, 62.99, 39.37, 0],
		[25, "U1_1", -1305, 312.37, "T", "DIP", "L1", "", "C", 62.99, 62.99, 43.31, 90],
		[26, "U1_1", -1305, 312.37, "B", "DIP", "L1", "", "C", 62.99, 62.99, 43.31, 90],
		[27, "U1_2", -1305, 107.64, "T", "DIP", "GND", "GND", "C", 62.99, 62.99, 43.31, 90],
		[28, "U1_2", -1305, 107.64, "B", "DIP", "GND", "GND", "C", 62.99, 62.99, 43.31, 90],
		[29, "U2_1", -322.38, 407.38, "T", "DIP", "L2", "", "C", 62.99, 62.99, 43.31, 135],
		[30, "U2_1", -322.38, 407.38, "B", "DIP", "L2", "", "C", 62.99, 62.99, 43.31, 135],
		[31, "U2_2", -177.62, 262.62, "T", "DIP", "GND", "GND", "C", 62.99, 62.99, 43.31, 135],
		[32, "U2_2", -177.62, 262.62, "B", "DIP", "GND", "GND", "C", 62.99, 62.99, 43.31, 135],
		[33, "U3_1", 970, 452.37, "T", "DIP", "L3", "", "C", 62.99, 62.99, 43.31, 90],
		[34, "U3_1", 970, 452.37, "B", "DIP", "L3", "", "C", 62.99, 62.99, 43.31, 90],
		[35, "U3_2", 970, 247.64, "T", "DIP", "GND", "GND", "C", 62.99, 62.99, 43.31, 90],
		[36, "U3_2", 970, 247.64, "B", "DIP", "GND", "GND", "C", 62.99, 62.99, 43.31, 90],
		[37, "U4_1", 2589.86, 442.38, "T", "DIP", "L4", "", "C", 62.99, 62.99, 43.31, 45],
		[38, "U4_1", 2589.86, 442.38, "B", "DIP", "L4", "", "C", 62.99, 62.99, 43.31, 45],
		[39, "U4_2", 2445.1, 297.62, "T", "DIP", "GND", "GND", "C", 62.99, 62.99, 43.31, 45],
		[40, "U4_2", 2445.1, 297.62, "B", "DIP", "GND", "GND", "C", 62.99, 62.99, 43.31, 45],
		[41, "U5_1", 3600, 332.37, "T", "DIP", "L5", "", "C", 62.99, 62.99, 43.31, 90],
		[42, "U5_1", 3600, 332.37, "B", "DIP", "L5", "", "C", 62.99, 62.99, 43.31, 90],
		[43, "U5_2", 3600, 127.64, "T", "DIP", "GND", "GND", "C", 62.99, 62.99, 43.31, 90],
		[44, "U5_2", 3600, 127.64, "B", "DIP", "GND", "GND", "C", 62.99, 62.99, 43.31, 90],
		[45, "U6_1", -382.37, 55, "T", "DIP", "L2", "", "C", 62.99, 62.99, 43.31, 180],
		[46, "U6_1", -382.37, 55, "B", "DIP", "L2", "", "C", 62.99, 62.99, 43.31, 180],
		[47, "U6_2", -177.64, 55, "T", "DIP", "GND", "GND", "C", 62.99, 62.99, 43.31, 180],
		[48, "U6_2", -177.64, 55, "B", "DIP", "GND", "GND", "C", 62.99, 62.99, 43.31, 180],
		[49, "U7_1", 2649.85, 60, "T", "DIP", "L4", "", "C", 62.99, 62.99, 43.31, 0],
		[50, "U7_1", 2649.85, 60, "B", "DIP", "L4", "", "C", 62.99, 62.99, 43.31, 0],
		[51, "U7_2", 2445.12, 60, "T", "DIP", "GND", "GND", "C", 62.99, 62.99, 43.31, 0],
		[52, "U7_2", 2445.12, 60, "B", "DIP", "GND", "GND", "C", 62.99, 62.99, 43.31, 0]
	]
}
}