{
"lengthUnit": "mil",
"components": {
	"fields": ["COMPONENT_NO", "COMPONENT_NAME", "LAYER", "X_COORDINATE", "Y_COORDINATE", "ANGLE"],
	"rows": [
		[1, "C1", "T", 2045, -765, 0],
		[2, "C6", "T", 2580.17, -1379.22, 270],
		[3, "C7", "T", 2360, -1065, 0],
		[4, "C8", "T", 2365, -1135, 0],
		[5, "C9", "T", 2980, -1280, 90],
		[6, "C10", "T", 2585, -1605, 0],
		[7, "C11", "T", 2370, -1975, 0],
		[8, "C12", "T", 2170, -1600, 270],
		[9, "C13", "T", 2744.49, -1860, 90],
		[10, "C14", "T", 2960, -1510, 180],
		[11, "C15", "T", 3152.56, -1882.56, 90],
		[12, "CN4", "T", 4150, -1441.39, 180],
		[13, "CN5", "T", 1290, -1441.36, 0],
		[14, "CN6", "T", 1650, -675, 270],
		[15, "D1", "T", 2500.17, -1374.22, 90],
		[16, "D2", "T", 2560, -1920, 90],
		[17, "D3", "T", 2070, -1595, 270],
		[18, "D4", "T", 2735, -1575, 270],
		[19, "D5", "T", 3255, -1875, 90],
		[20, "H1", "T", 3140, -685, 0],
		[21, "L1", "T", 2512.24, -1179.13, 90],
		[22, "LED1", "T", 3810.56, -731.27, 180],
		[23, "LED2", "T", 3810.56, -637.31, 180],
		[24, "Q1", "T", 1889.99, -1832.55, 90],
		[25, "Q2", "T", 1580, -1832.55, 90],
		[26, "Q3", "T", 1920, -1305, 0],
		[27, "Q4", "T", 1580, -1245.41, 270],
		[28, "Q5", "T", 3545, -1320, 180],
		[29, "Q6", "T", 3880, -1235, 270],
		[30, "Q7", "T", 3500, -1790, 90],
		[31, "Q8", "T", 3880, -1790, 90],
		[32, "R1", "T", 3655, -735, 0],
		[33, "R2", "T", 3655, -634, 0],
		[34, "R6", "T", 2420.17, -1389.9, 270],
		[35, "R7", "T", 2355.17, -1389.22, 90],
		[36, "R8", "T", 2860, -634, 0],
		[37, "R9", "T", 2860, -740, 0],
		[38, "R10", "T", 3417.72, -634, 0],
		[39, "R11", "T", 3417.72, -740, 0],
		[40, "R12", "T", 2586.27, -1673.05, 180],
		[41, "R13", "T", 2155, -1900, 0],
		[42, "R14", "T", 2155, -1825, 0],
		[43, "R15", "T", 2254.66, -1460.34, 90],
		[44, "R16", "T", 2155, -1750, 180],
		[45, "R17", "T", 2740.54, -1725, 270],
		[46, "R18", "T", 3195, -1585, 180],
		[47, "R19", "T", 3195, -1660, 180],
		[48, "R20", "T", 3085, -1995, 0],
		[49, "R21", "T", 3195, -1735, 0],
		[50, "U2", "T", 2375, -1245, 0],
		[51, "U3", "T", 2780, -1335, 270],
		[52, "U4", "T", 2365, -1730, 90],
		[53, "U5", "T", 2935, -1760, 270],
		[54, "U6", "T", 2490, -725, 180]
	]
},
"pins": {
	"fields": ["PIN_NO", "PIN_NAME", "PIN_X", "PIN_Y", "LAYER", "PIN_TYPE", "NET_NAME", "NET_TYPE", "PAD_SHAPE", "PAD_SIZEX", "PAD_SIZEY", "HOLE_SIZE", "PAD_ANGLE"],
	"rows": [
		[1, "C1_1", 1976.1, -765, "T", "DIP", "VCC", "", "C", 62.99, 62.99, 39.37, 90],
		[2, "C1_1", 1976.1, -765, "B", "DIP", "VCC", "", "C", 62.99, 62.99, 39.37, 90],
		[3, "C1_2", 2113.9, -765, "T", "DIP", "GND", "GND", "C", 62.99, 62.99, 39.37, 90],
		[4, "C1_2", 2113.9, -765, "B", "DIP", "GND", "GND", "C", 62.99, 62.99, 39.37, 90],
		[5, "C6_1", 2580.17, -1351.66, "T", "SMD", "GND", "GND", "R", 31.5, 35.43, 0, 270],
		[6, "C6_2", 2580.17, -1406.78, "T", "SMD", "+12", "", "R", 31.5, 35.43, 0, 270],
		[7, "C7_1", 2332.44, -1065, "T", "SMD", "GND", "GND", "R", 31.5, 35.43, 0, 0],
		[8, "C7_2", 2387.56, -1065, "T", "SMD", "+5V", "", "R", 31.5, 35.43, 0, 0],
		[9, "C8_1", 2337.44, -1135, "T", "SMD", "GND", "GND", "R", 31.5, 35.43, 0, 0],
		[10, "C8_2", 2392.56, -1135, "T", "SMD", "+5V", "", "R", 31.5, 35.43, 0, 0],
		[11, "C9_1", 2980, -1307.56, "T", "SMD", "GND", "GND", "R", 31.5, 35.43, 0, 90],
		[12, "C9_2", 2980, -1252.44, "T", "SMD", "+5V", "", "R", 31.5, 35.43, 0, 90],
		[13, "C10_1", 2557.44, -1605, "T", "SMD", "+12", "", "R", 31.5, 35.43, 0, 0],
		[14, "C10_2", 2612.56, -1605, "T", "SMD", "GND", "GND", "R", 31.5, 35.43, 0, 0],
		[15, "C11_1", 2342.44, -1975, "T", "SMD", "M1-1", "", "R", 31.5, 35.43, 0, 0],
		[16, "C11_2", 2397.56, -1975, "T", "SMD", "$1N8027", "", "R", 31.5, 35.43, 0, 0],
		[17, "C12_1", 2170, -1572.44, "T", "SMD", "$1N8041", "", "R", 31.5, 35.43, 0, 270],
		[18, "C12_2", 2170, -1627.56, "T", "SMD", "M1-2", "", "R", 31.5, 35.43, 0, 270],
		[19, "C13_1", 2744.49, -1887.56, "T", "SMD", "+12", "", "R", 31.5, 35.43, 0, 90],
		[20, "C13_2", 2744.49, -1832.44, "T", "SMD", "GND", "GND", "R", 31.5, 35.43, 0, 90],
		[21, "C14_1", 2987.56, -1510, "T", "SMD", "M2-1", "", "R", 31.5, 35.43, 0, 180],
		[22, "C14_2", 2932.44, -1510, "T", "SMD", "$1N8052", "", "R", 31.5, 35.43, 0, 180],
		[23, "C15_1", 3152.56, -1910.12, "T", "SMD", "$1N8066", "", "R", 31.5, 35.43, 0, 90],
		[24, "C15_2", 3152.56, -1855, "T", "SMD", "M2-2", "", "R", 31.5, 35.43, 0, 90],
		[25, "CN4_1", 4150.01, -1539.8, "T", "DIP", "M2-2", "", "C", 157.48, 157.48, 118.11, 180],
		[26, "CN4_1", 4150.01, -1539.8, "B", "DIP", "M2-2", "", "C", 157.48, 157.48, 118.11, 180],
		[27, "CN4_2", 4150.01, -1342.95, "T", "DIP", "M2-1", "", "C", 157.48, 157.48, 118.11, 180],
		[28, "CN4_2", 4150.01, -1342.95, "B", "DIP", "M2-1", "", "C", 157.48, 157.48, 118.11, 180],
		[29, "CN5_1", 1289.99, -1342.95, "T", "DIP", "M1-2", "", "C", 157.48, 157.48, 118.11, 0],
		[30, "CN5_1", 1289.99, -1342.95, "B", "DIP", "M1-2", "", "C", 157.48, 157.48, 118.11, 0],
		[31, "CN5_2", 1289.99, -1539.8, "T", "DIP", "M1-1", "", "C", 157.48, 157.48, 118.11, 0],
		[32, "CN5_2", 1289.99, -1539.8, "B", "DIP", "M1-1", "", "C", 157.48, 157.48, 118.11, 0],
		[33, "CN6_1", 1748.41, -674.99, "T", "DIP", "VCC", "", "C", 157.48, 157.48, 118.11, 270],
		[34, "CN6_1", 1748.41, -674.99, "B", "DIP", "VCC", "", "C", 157.48, 157.48, 118.11, 270],
		[35, "CN6_2", 1551.56, -674.99, "T", "DIP", "GND", "GND", "C", 157.48, 157.48, 118.11, 270],
		[36, "CN6_2", 1551.56, -674.99, "B", "DIP", "GND", "GND", "C", 157.48, 157.48, 118.11, 270],
		[37, "D1_1", 2500.17, -1310.22, "T", "SMD", "$1N7991", "", "R", 35.8, 48, 0, 90],
		[38, "D1_2", 2500.17, -1438.22, "T", "SMD", "+12", "", "R", 35.8, 48, 0, 90],
		[39, "D2_1", 2560, -1856, "T", "SMD", "+12", "", "R", 35.8, 48, 0, 90],
		[40, "D2_2", 2560, -1984, "T", "SMD", "$1N8027", "", "R", 35.8, 48, 0, 90],
		[41, "D3_1", 2070, -1659, "T", "SMD", "+12", "", "R", 35.8, 48, 0, 270],
		[42, "D3_2", 2070, -1531, "T", "SMD", "$1N8041", "", "R", 35.8, 48, 0, 270],
		[43, "D4_1", 2735, -1639, "T", "SMD", "+12", "", "R", 35.8, 48, 0, 270],
		[44, "D4_2", 2735, -1511, "T", "SMD", "$1N8052", "", "R", 35.8, 48, 0, 270],
		[45, "D5_1", 3255, -1811, "T", "SMD", "+12", "", "R", 35.8, 48, 0, 90],
		[46, "D5_2", 3255, -1939, "T", "SMD", "$1N8066", "", "R", 35.8, 48, 0, 90],
		[47, "H1_1", 2990, -735, "T", "DIP", "PWM2", "", "R", 66.93, 66.93, 43.31, 0],
		[48, "H1_1", 2990, -735, "B", "DIP", "PWM2", "", "R", 66.93, 66.93, 43.31, 0],
		[49, "H1_2", 2990, -635, "T", "DIP", "PWM1", "", "C", 66.93, 66.93, 43.31, 0],
		[50, "H1_2", 2990, -635, "B", "DIP", "PWM1", "", "C", 66.93, 66.93, 43.31, 0],
		[51, "H1_3", 3090, -735, "T", "DIP", "GND", "GND", "C", 66.93, 66.93, 43.31, 0],
		[52, "H1_3", 3090, -735, "B", "DIP", "GND", "GND", "C", 66.93, 66.93, 43.31, 0],
		[53, "H1_4", 3090, -635, "T", "DIP", "GND", "GND", "C", 66.93, 66.93, 43.31, 0],
		[54, "H1_4", 3090, -635, "B", "DIP", "GND", "GND", "C", 66.93, 66.93, 43.31, 0],
		[55, "H1_5", 3190, -735, "T", "DIP", "+5V", "", "C", 66.93, 66.93, 43.31, 0],
		[56, "H1_5", 3190, -735, "B", "DIP", "+5V", "", "C", 66.93, 66.93, 43.31, 0],
		[57, "H1_6", 3190, -635, "T", "DIP", "+5V", "", "C", 66.93, 66.93, 43.31, 0],
		[58, "H1_6", 3190, -635, "B", "DIP", "+5V", "", "C", 66.93, 66.93, 43.31, 0],
		[59, "H1_7", 3290, -735, "T", "DIP", "PWM4", "", "C", 66.93, 66.93, 43.31, 0],
		[60, "H1_7", 3290, -735, "B", "DIP", "PWM4", "", "C", 66.93, 66.93, 43.31, 0],
		[61, "H1_8", 3290, -635, "T", "DIP", "PWM3", "", "C", 66.93, 66.93, 43.31, 0],
		[62, "H1_8", 3290, -635, "B", "DIP", "PWM3", "", "C", 66.93, 66.93, 43.31, 0],
		[63, "L1_1", 2512.24, -1225.09, "T", "SMD", "$1N7991", "", "R", 64.37, 85.04, 0, 90],
		[64, "L1_2", 2512.24, -1133.16, "T", "SMD", "+5V", "", "R", 64.37, 85.04, 0, 90],
		[65, "LED1_1", 3842.04, -731.14, "T", "SMD", "GND", "GND", "R", 31.5, 31.5, 0, 270],
		[66, "LED1_2", 3779.08, -731.41, "T", "SMD", "$1N7977", "", "R", 31.5, 31.5, 0, 270],
		[67, "LED2_1", 3842.04, -637.18, "T", "SMD", "DIS", "", "R", 31.5, 31.5, 0, 270],
		[68, "LED2_2", 3779.08, -637.45, "T", "SMD", "$1N7978", "", "R", 31.5, 31.5, 0, 270],
		[69, "Q1_1", 1799.84, -1967.35, "T", "SMD", "$1N8031", "", "R", 94.84, 38.53, 0, 270],
		[70, "Q1_3", 1980.15, -1967.33, "T", "SMD", "M1-1", "", "R", 94.84, 38.53, 0, 270],
		[71, "Q1_4", 1889.99, -1697.76, "T", "SMD", "VCC", "", "R", 224.84, 218.44, 0, 270],
		[72, "Q2_1", 1489.85, -1967.35, "T", "SMD", "$1N8032", "", "R", 94.84, 38.53, 0, 270],
		[73, "Q2_3", 1670.16, -1967.33, "T", "SMD", "GND", "GND", "R", 94.84, 38.53, 0, 270],
		[74, "Q2_4", 1580, -1697.76, "T", "SMD", "M1-1", "", "R", 224.84, 218.44, 0, 270],
		[75, "Q3_1", 1785.2, -1214.85, "T", "SMD", "$1N8039", "", "R", 94.84, 38.53, 0, 180],
		[76, "Q3_3", 1785.23, -1395.15, "T", "SMD", "M1-2", "", "R", 94.84, 38.53, 0, 180],
		[77, "Q3_4", 2054.8, -1305, "T", "SMD", "VCC", "", "R", 224.84, 218.44, 0, 180],
		[78, "Q4_1", 1670.15, -1110.62, "T", "SMD", "$1N8040", "", "R", 94.84, 38.53, 0, 90],
		[79, "Q4_3", 1489.84, -1110.63, "T", "SMD", "GND", "GND", "R", 94.84, 38.53, 0, 90],
		[80, "Q4_4", 1580, -1380.2, "T", "SMD", "M1-2", "", "R", 224.84, 218.44, 0, 90],
		[81, "Q5_1", 3679.79, -1410.15, "T", "SMD", "$1N8056", "", "R", 94.84, 38.53, 0, 0],
		[82, "Q5_3", 3679.77, -1229.85, "T", "SMD", "M2-1", "", "R", 94.84, 38.53, 0, 0],
		[83, "Q5_4", 3410.2, -1320.01, "T", "SMD", "VCC", "", "R", 224.84, 218.44, 0, 0],
		[84, "Q6_1", 3970.15, -1100.2, "T", "SMD", "$1N8057", "", "R", 94.84, 38.53, 0, 90],
		[85, "Q6_3", 3789.85, -1100.22, "T", "SMD", "GND", "GND", "R", 94.84, 38.53, 0, 90],
		[86, "Q6_4", 3880.01, -1369.8, "T", "SMD", "M2-1", "", "R", 224.84, 218.44, 0, 90],
		[87, "Q7_1", 3409.85, -1924.8, "T", "SMD", "$1N8064", "", "R", 94.84, 38.53, 0, 270],
		[88, "Q7_3", 3590.15, -1924.77, "T", "SMD", "M2-2", "", "R", 94.84, 38.53, 0, 270],
		[89, "Q7_4", 3499.99, -1655.2, "T", "SMD", "VCC", "", "R", 224.84, 218.44, 0, 270],
		[90, "Q8_1", 3789.85, -1924.8, "T", "SMD", "$1N8065", "", "R", 94.84, 38.53, 0, 270],
		[91, "Q8_3", 3970.16, -1924.77, "T", "SMD", "GND", "GND", "R", 94.84, 38.53, 0, 270],
		[92, "Q8_4", 3880, -1655.2, "T", "SMD", "M2-2", "", "R", 224.84, 218.44, 0, 270],
		[93, "R1_1", 3625.34, -735, "T", "SMD", "+5V", "", "R", 31.75, 34.02, 0, 0],
		[94, "R1_2", 3684.66, -735, "T", "SMD", "$1N7977", "", "R", 31.75, 34.02, 0, 0],
		[95, "R2_1", 3625.34, -634, "T", "SMD", "+5V", "", "R", 31.75, 34.02, 0, 0],
		[96, "R2_2", 3684.66, -634, "T", "SMD", "$1N7978", "", "R", 31.75, 34.02, 0, 0],
		[97, "R6_1", 2420.17, -1360.24, "T", "SMD", "$1N7990", "", "R", 31.75, 34.02, 0, 270],
		[98, "R6_2", 2420.17, -1419.56, "T", "SMD", "+12", "", "R", 31.75, 34.02, 0, 270],
		[99, "R7_1", 2355.17, -1418.88, "T", "SMD", "GND", "GND", "R", 31.75, 34.02, 0, 90],
		[100, "R7_2", 2355.17, -1359.56, "T", "SMD", "$1N7990", "", "R", 31.75, 34.02, 0, 90],
		[101, "R8_1", 2830.34, -634, "T", "SMD", "GND", "GND", "R", 31.75, 34.02, 0, 0],
		[102, "R8_2", 2889.66, -634, "T", "SMD", "PWM1", "", "R", 31.75, 34.02, 0, 0],
		[103, "R9_1", 2830.34, -740, "T", "SMD", "GND", "GND", "R", 31.75, 34.02, 0, 0],
		[104, "R9_2", 2889.66, -740, "T", "SMD", "PWM2", "", "R", 31.75, 34.02, 0, 0],
		[105, "R10_1", 3388.06, -634, "T", "SMD", "PWM3", "", "R", 31.75, 34.02, 0, 0],
		[106, "R10_2", 3447.38, -634, "T", "SMD", "GND", "GND", "R", 31.75, 34.02, 0, 0],
		[107, "R11_1", 3388.06, -740, "T", "SMD", "PWM4", "", "R", 31.75, 34.02, 0, 0],
		[108, "R11_2", 3447.38, -740, "T", "SMD", "GND", "GND", "R", 31.75, 34.02, 0, 0],
		[109, "R12_1", 2615.93, -1673.05, "T", "SMD", "GND", "GND", "R", 31.75, 34.02, 0, 180],
		[110, "R12_2", 2556.61, -1673.05, "T", "SMD", "$1N8044", "", "R", 31.75, 34.02, 0, 180],
		[111, "R13_1", 2125.34, -1900, "T", "SMD", "$1N8031", "", "R", 31.75, 34.02, 0, 0],
		[112, "R13_2", 2184.66, -1900, "T", "SMD", "$1N8030", "", "R", 31.75, 34.02, 0, 0],
		[113, "R14_1", 2125.34, -1825, "T", "SMD", "$1N8032", "", "R", 31.75, 34.02, 0, 0],
		[114, "R14_2", 2184.66, -1825, "T", "SMD", "$1N8033", "", "R", 31.75, 34.02, 0, 0],
		[115, "R15_1", 2254.66, -1490, "T", "SMD", "$1N8042", "", "R", 31.75, 34.02, 0, 90],
		[116, "R15_2", 2254.66, -1430.68, "T", "SMD", "$1N8039", "", "R", 31.75, 34.02, 0, 90],
		[117, "R16_1", 2184.66, -1750, "T", "SMD", "$1N8034", "", "R", 31.75, 34.02, 0, 180],
		[118, "R16_2", 2125.34, -1750, "T", "SMD", "$1N8040", "", "R", 31.75, 34.02, 0, 180],
		[119, "R17_1", 2740.54, -1695.34, "T", "SMD", "GND", "GND", "R", 31.75, 34.02, 0, 270],
		[120, "R17_2", 2740.54, -1754.66, "T", "SMD", "$1N8069", "", "R", 31.75, 34.02, 0, 270],
		[121, "R18_1", 3224.66, -1585, "T", "SMD", "$1N8056", "", "R", 31.75, 34.02, 0, 180],
		[122, "R18_2", 3165.34, -1585, "T", "SMD", "$1N8055", "", "R", 31.75, 34.02, 0, 180],
		[123, "R19_1", 3224.66, -1660, "T", "SMD", "$1N8057", "", "R", 31.75, 34.02, 0, 180],
		[124, "R19_2", 3165.34, -1660, "T", "SMD", "$1N8058", "", "R", 31.75, 34.02, 0, 180],
		[125, "R20_1", 3055.34, -1995, "T", "SMD", "$1N8067", "", "R", 31.75, 34.02, 0, 0],
		[126, "R20_2", 3114.66, -1995, "T", "SMD", "$1N8064", "", "R", 31.75, 34.02, 0, 0],
		[127, "R21_1", 3165.34, -1735, "T", "SMD", "$1N8059", "", "R", 31.75, 34.02, 0, 0],
		[128, "R21_2", 3224.66, -1735, "T", "SMD", "$1N8065", "", "R", 31.75, 34.02, 0, 0],
		[129, "U2_1", 2337.6, -1290.24, "T", "SMD", "$1N7991", "", "R", 20.95, 42.2, 0, 0],
		[130, "U2_2", 2375, -1290.24, "T", "SMD", "GND", "GND", "R", 20.95, 42.2, 0, 0],
		[131, "U2_3", 2412.4, -1290.24, "T", "SMD", "$1N7990", "", "R", 20.95, 42.2, 0, 0],
		[132, "U2_4", 2412.4, -1199.76, "T", "SMD", "+5V", "", "R", 20.95, 42.2, 0, 0],
		[133, "U2_5", 2375, -1199.76, "T", "SMD", "+5V", "", "R", 20.95, 42.2, 0, 0],
		[134, "U2_6", 2337.6, -1199.76, "T", "SMD", "U2_6", "", "R", 20.95, 42.2, 0, 0],
		[135, "U3_1", 2664.84, -1258.23, "T", "SMD", "GND", "GND", "R", 12, 39, 0, 270],
		[136, "U3_2", 2664.84, -1283.82, "T", "SMD", "PWM1", "", "R", 12, 39, 0, 270],
		[137, "U3_3", 2664.84, -1309.41, "T", "SMD", "PWM1A", "", "R", 12, 39, 0, 270],
		[138, "U3_4", 2664.84, -1335, "T", "SMD", "GND", "GND", "R", 12, 39, 0, 270],
		[139, "U3_5", 2664.84, -1360.59, "T", "SMD", "PWM2", "", "R", 12, 39, 0, 270],
		[140, "U3_6", 2664.84, -1386.18, "T", "SMD", "PWM2A", "", "R", 12, 39, 0, 270],
		[141, "U3_7", 2664.84, -1411.77, "T", "SMD", "GND", "GND", "R", 12, 39, 0, 270],
		[142, "U3_8", 2895.16, -1411.77, "T", "SMD", "PWM4A", "", "R", 12, 39, 0, 270],
		[143, "U3_9", 2895.16, -1386.18, "T", "SMD", "PWM4", "", "R", 12, 39, 0, 270],
		[144, "U3_10", 2895.16, -1360.59, "T", "SMD", "GND", "GND", "R", 12, 39, 0, 270],
		[145, "U3_11", 2895.16, -1335, "T", "SMD", "PWM3A", "", "R", 12, 39, 0, 270],
		[146, "U3_12", 2895.16, -1309.41, "T", "SMD", "PWM3", "", "R", 12, 39, 0, 270],
		[147, "U3_13", 2895.16, -1283.82, "T", "SMD", "GND", "GND", "R", 12, 39, 0, 270],
		[148, "U3_14", 2895.16, -1258.23, "T", "SMD", "+5V", "", "R", 12, 39, 0, 270],
		[149, "U4_1", 2472.7, -1905, "T", "SMD", "$1N8027", "", "O", 23.7, 77.6, 0, 90],
		[150, "U4_2", 2472.7, -1855, "T", "SMD", "+12", "", "O", 23.7, 77.6, 0, 90],
		[151, "U4_3", 2472.7, -1805, "T", "SMD", "PWM1A", "", "O", 23.7, 77.6, 0, 90],
		[152, "U4_4", 2472.7, -1755, "T", "SMD", "PWM2A", "", "O", 23.7, 77.6, 0, 90],
		[153, "U4_5", 2472.7, -1705, "T", "SMD", "$1N8044", "", "O", 23.7, 77.6, 0, 90],
		[154, "U4_6", 2472.7, -1655, "T", "SMD", "GND", "GND", "O", 23.7, 77.6, 0, 90],
		[155, "U4_7", 2472.7, -1605, "T", "SMD", "+12", "", "O", 23.7, 77.6, 0, 90],
		[156, "U4_8", 2472.7, -1555, "T", "SMD", "DIS", "", "O", 23.7, 77.6, 0, 90],
		[157, "U4_9", 2257.3, -1555, "T", "SMD", "$1N8041", "", "O", 23.7, 77.6, 0, 90],
		[158, "U4_10", 2257.3, -1605, "T", "SMD", "$1N8042", "", "O", 23.7, 77.6, 0, 90],
		[159, "U4_11", 2257.3, -1655, "T", "SMD", "M1-2", "", "O", 23.7, 77.6, 0, 90],
		[160, "U4_12", 2257.3, -1705, "T", "SMD", "+12", "", "O", 23.7, 77.6, 0, 90],
		[161, "U4_13", 2257.3, -1755, "T", "SMD", "$1N8034", "", "O", 23.7, 77.6, 0, 90],
		[162, "U4_14", 2257.3, -1805, "T", "SMD", "$1N8033", "", "O", 23.7, 77.6, 0, 90],
		[163, "U4_15", 2257.3, -1855, "T", "SMD", "M1-1", "", "O", 23.7, 77.6, 0, 90],
		[164, "U4_16", 2257.3, -1905, "T", "SMD", "$1N8030", "", "O", 23.7, 77.6, 0, 90],
		[165, "U5_1", 2827.3, -1585, "T", "SMD", "$1N8052", "", "O", 23.7, 77.6, 0, 270],
		[166, "U5_2", 2827.3, -1635, "T", "SMD", "+12", "", "O", 23.7, 77.6, 0, 270],
		[167, "U5_3", 2827.3, -1685, "T", "SMD", "PWM3A", "", "O", 23.7, 77.6, 0, 270],
		[168, "U5_4", 2827.3, -1735, "T", "SMD", "PWM4A", "", "O", 23.7, 77.6, 0, 270],
		[169, "U5_5", 2827.3, -1785, "T", "SMD", "$1N8069", "", "O", 23.7, 77.6, 0, 270],
		[170, "U5_6", 2827.3, -1835, "T", "SMD", "GND", "GND", "O", 23.7, 77.6, 0, 270],
		[171, "U5_7", 2827.3, -1885, "T", "SMD", "+12", "", "O", 23.7, 77.6, 0, 270],
		[172, "U5_8", 2827.3, -1935, "T", "SMD", "DIS", "", "O", 23.7, 77.6, 0, 270],
		[173, "U5_9", 3042.7, -1935, "T", "SMD", "$1N8066", "", "O", 23.7, 77.6, 0, 270],
		[174, "U5_10", 3042.7, -1885, "T", "SMD", "$1N8067", "", "O", 23.7, 77.6, 0, 270],
		[175, "U5_11", 3042.7, -1835, "T", "SMD", "M2-2", "", "O", 23.7, 77.6, 0, 270],
		[176, "U5_12", 3042.7, -1785, "T", "SMD", "+12", "", "O", 23.7, 77.6, 0, 270],
		[177, "U5_13", 3042.7, -1735, "T", "SMD", "$1N8059", "", "O", 23.7, 77.6, 0, 270],
		[178, "U5_14", 3042.7, -1685, "T", "SMD", "$1N8058", "", "O", 23.7, 77.6, 0, 270],
		[179, "U5_15", 3042.7, -1635, "T", "SMD", "M2-1", "", "O", 23.7, 77.6, 0, 270],
		[180, "U5_16", 3042.7, -1585, "T", "SMD", "$1N8055", "", "O", 23.7, 77.6, 0, 270],
		[181, "U6_1", 2675.04, -725, "T", "DIP", "+5V", "", "R", 70.87, 118.11, 98.42, 180],
		[182, "U6_1", 2675.04, -725, "B", "DIP", "+5V", "", "R", 70.87, 118.11, 98.42, 180],
		[183, "U6_2", 2490, -725, "T", "DIP", "DIS", "", "O", 70.87, 118.11, 98.42, 180],
		[184, "U6_2", 2490, -725, "B", "DIP", "DIS", "", "O", 70.87, 118.11, 98.42, 180],
		[185, "U6_3", 2304.96, -725, "T", "DIP", "GND", "GND", "O", 70.87, 118.11, 98.42, 180],
		[186, "U6_3", 2304.96, -725, "B", "DIP", "GND", "GND", "O", 70.87, 118.11, 98.42, 180]
	]
}
}