{
"lengthUnit": "mil",
"components": {
	"fields": ["COMPONENT_NO", "COMPONENT_NAME", "LAYER", "X_COORDINATE", "Y_COORDINATE", "ANGLE"],
	"rows": [
		[1, "CN1", "T", 3150, -2795, 180],
		[2, "CN2", "T", 920, -2795, 180],
		[3, "Q1", "B", 510, -3625, 0],
		[4, "Q2", "B", 1250, -3635, 0],
		[5, "Q3", "B", 2010, -3630, 0],
		[6, "Q4", "B", 2765, -3630, 0],
		[7, "Q5", "B", 3495, -3640, 0],
		[8, "R1", "B", 1356.72, -3810, 270],
		[9, "R2", "B", 635, -3620, 270],
		[10, "R3", "B", 630, -3810, 270],
		[11, "R4", "B", 460, -3810, 270],
		[12, "R5", "B", 460, -3200, 90],
		[13, "R6", "B", 630, -3200, 90],
		[14, "R7", "B", 540, -3375, 0],
		[15, "R8", "B", 1361.72, -3200, 90],
		[16, "R9", "B", 1216.72, -3810, 270],
		[17, "R10", "B", 1221.72, -3200, 90],
		[18, "R11", "B", 1385, -3630, 270],
		[19, "R12", "B", 1286.84, -3365, 0],
		[20, "R17", "B", 2135.03, -3624.93, 270],
		[21, "R18", "B", 2055.12, -3365, 0],
		[22, "R23", "B", 2890, -3625, 270],
		[23, "R24", "B", 2790, -3365, 0],
		[24, "R29", "B", 3610, -3640, 270],
		[25, "R30", "B", 3540, -3370, 0],
		[26, "R37", "B", 1950, -3810, 270],
		[27, "R38", "B", 1950, -3200, 90],
		[28, "R39", "B", 2099.48, -3810, 270],
		[29, "R40", "B", 2099.48, -3200, 90],
		[30, "R41", "B", 2727.43, -3810, 270],
		[31, "R42", "B", 2727.43, -3200, 90],
		[32, "R43", "B", 2865.09, -3810, 270],
		[33, "R44", "B", 2865.09, -3200, 90],
		[34, "R45", "B", 3462.34, -3810, 270],
		[35, "R46", "B", 3462.34, -3200, 90],
		[36, "R47", "B", 3600, -3810, 270],
		[37, "R48", "B", 3600, -3200, 90],
		[38, "U1", "B", 550, -3490, 0],
		[39, "U2", "B", 1295, -3490, 0],
		[40, "U3", "B", 2055, -3490, 0],
		[41, "U4", "B", 2795, -3490, 0],
		[42, "U5", "B", 3540, -3490, 0],
		[43, "U6", "T", 550, -3485, 0],
		[44, "U7", "T", 1292.5, -3489.15, 0],
		[45, "U8", "T", 2035, -3489.15, 0],
		[46, "U9", "T", 2777.5, -3489.15, 0],
		[47, "U10", "T", 3520, -3490, 0]
	]
},
"pins": {
	"fields": ["PIN_NO", "PIN_NAME", "PIN_X", "PIN_Y", "LAYER", "PIN_TYPE", "NET_NAME", "NET_TYPE", "PAD_SHAPE", "PAD_SIZEX", "PAD_SIZEY", "HOLE_SIZE", "PAD_ANGLE"],
	"rows": [
		[1, "CN1_1", 3248.42, -2991.85, "T", "DIP", "GND", "GND", "C", 98.42, 98.42, 70.87, 180],
		[2, "CN1_1", 3248.42, -2991.85, "B", "DIP", "GND", "GND", "C", 98.42, 98.42, 70.87, 180],
		[3, "CN1_2", 3051.58, -2991.85, "T", "DIP", "13.25V", "", "C", 98.42, 98.42, 70.87, 180],
		[4, "CN1_2", 3051.58, -2991.85, "B", "DIP", "13.25V", "", "C", 98.42, 98.42, 70.87, 180],
		[5, "CN1_3", 2933.47, -2598.15, "T", "DIP", "CN1_3", "", "C", 70.87, 70.87, 43.31, 180],
		[6, "CN1_3", 2933.47, -2598.15, "B", "DIP", "CN1_3", "", "C", 70.87, 70.87, 43.31, 180],
		[7, "CN1_4", 3366.53, -2598.15, "T", "DIP", "CN1_4", "", "C", 70.87, 70.87, 43.31, 180],
		[8, "CN1_4", 3366.53, -2598.15, "B", "DIP", "CN1_4", "", "C", 70.87, 70.87, 43.31, 180],
		[9, "CN2_1", 1018.42, -2991.85, "T", "DIP", "GND", "GND", "C", 98.42, 98.42, 70.87, 180],
		[10, "CN2_1", 1018.42, -2991.85, "B", "DIP", "GND", "GND", "C", 98.42, 98.42, 70.87, 180],
		[11, "CN2_2", 821.58, -2991.85, "T", "DIP", "13.25V", "", "C", 98.42, 98.42, 70.87, 180],
		[12, "CN2_2", 821.58, -2991.85, "B", "DIP", "13.25V", "", "C", 98.42, 98.42, 70.87, 180],
		[13, "CN2_3", 703.47, -2598.15, "T", "DIP", "CN2_3", "", "C", 70.87, 70.87, 43.31, 180],
		[14, "CN2_3", 703.47, -2598.15, "B", "DIP", "CN2_3", "", "C", 70.87, 70.87, 43.31, 180],
		[15, "CN2_4", 1136.54, -2598.15, "T", "DIP", "CN2_4", "", "C", 70.87, 70.87, 43.31, 180],
		[16, "CN2_4", 1136.54, -2598.15, "B", "DIP", "CN2_4", "", "C", 70.87, 70.87, 43.31, 180],
		[17, "Q1_1", 554.68, -3587.6, "B", "SMD", "$1N4", "", "R", 42.13, 20.95, 0, 0],
		[18, "Q1_2", 554.68, -3662.4, "B", "SMD", "$1N1", "", "R", 42.13, 20.95, 0, 0],
		[19, "Q1_3", 465.31, -3625, "B", "SMD", "$1N37", "", "R", 42.13, 20.95, 0, 0],
		[20, "Q2_1", 1294.68, -3597.6, "B", "SMD", "$1N10", "", "R", 42.13, 20.95, 0, 0],
		[21, "Q2_2", 1294.68, -3672.4, "B", "SMD", "$1N9", "", "R", 42.13, 20.95, 0, 0],
		[22, "Q2_3", 1205.31, -3635, "B", "SMD", "$1N8", "", "R", 42.13, 20.95, 0, 0],
		[23, "Q3_1", 2054.68, -3592.6, "B", "SMD", "$1N16", "", "R", 42.13, 20.95, 0, 0],
		[24, "Q3_2", 2054.68, -3667.4, "B", "SMD", "$1N15", "", "R", 42.13, 20.95, 0, 0],
		[25, "Q3_3", 1965.31, -3630, "B", "SMD", "$1N14", "", "R", 42.13, 20.95, 0, 0],
		[26, "Q4_1", 2809.68, -3592.6, "B", "SMD", "$1N22", "", "R", 42.13, 20.95, 0, 0],
		[27, "Q4_2", 2809.68, -3667.4, "B", "SMD", "$1N21", "", "R", 42.13, 20.95, 0, 0],
		[28, "Q4_3", 2720.31, -3630, "B", "SMD", "$1N20", "", "R", 42.13, 20.95, 0, 0],
		[29, "Q5_1", 3539.68, -3602.6, "B", "SMD", "$1N28", "", "R", 42.13, 20.95, 0, 0],
		[30, "Q5_2", 3539.68, -3677.4, "B", "SMD", "GND", "GND", "R", 42.13, 20.95, 0, 0],
		[31, "Q5_3", 3450.31, -3640, "B", "SMD", "$1N26", "", "R", 42.13, 20.95, 0, 0],
		[32, "R1_1", 1356.72, -3753.26, "B", "SMD", "$1N8", "", "R", 50.49, 110.55, 0, 270],
		[33, "R1_2", 1356.72, -3866.74, "B", "SMD", "$1N1", "", "R", 50.49, 110.55, 0, 270],
		[34, "R2_1", 635, -3592.44, "B", "SMD", "$1N4", "", "R", 31.5, 35.43, 0, 270],
		[35, "R2_2", 635, -3647.56, "B", "SMD", "$1N1", "", "R", 31.5, 35.43, 0, 270],
		[36, "R3_1", 630, -3753.26, "B", "SMD", "$1N37", "", "R", 50.49, 110.55, 0, 270],
		[37, "R3_2", 630, -3866.74, "B", "SMD", "13.25V", "", "R", 50.49, 110.55, 0, 270],
		[38, "R4_1", 460, -3753.26, "B", "SMD", "$1N37", "", "R", 50.49, 110.55, 0, 270],
		[39, "R4_2", 460, -3866.74, "B", "SMD", "13.25V", "", "R", 50.49, 110.55, 0, 270],
		[40, "R5_1", 460, -3256.74, "B", "SMD", "$1N37", "", "R", 50.49, 110.55, 0, 90],
		[41, "R5_2", 460, -3143.26, "B", "SMD", "13.25V", "", "R", 50.49, 110.55, 0, 90],
		[42, "R6_1", 630, -3256.74, "B", "SMD", "$1N37", "", "R", 50.49, 110.55, 0, 90],
		[43, "R6_2", 630, -3143.26, "B", "SMD", "13.25V", "", "R", 50.49, 110.55, 0, 90],
		[44, "R7_1", 512.44, -3375, "B", "SMD", "13.25V", "", "R", 31.5, 35.43, 0, 0],
		[45, "R7_2", 567.56, -3375, "B", "SMD", "$1N3", "", "R", 31.5, 35.43, 0, 0],
		[46, "R8_1", 1361.72, -3256.74, "B", "SMD", "$1N8", "", "R", 50.49, 110.55, 0, 90],
		[47, "R8_2", 1361.72, -3143.26, "B", "SMD", "$1N1", "", "R", 50.49, 110.55, 0, 90],
		[48, "R9_1", 1216.72, -3753.26, "B", "SMD", "$1N8", "", "R", 50.49, 110.55, 0, 270],
		[49, "R9_2", 1216.72, -3866.74, "B", "SMD", "$1N1", "", "R", 50.49, 110.55, 0, 270],
		[50, "R10_1", 1221.72, -3256.74, "B", "SMD", "$1N8", "", "R", 50.49, 110.55, 0, 90],
		[51, "R10_2", 1221.72, -3143.26, "B", "SMD", "$1N1", "", "R", 50.49, 110.55, 0, 90],
		[52, "R11_1", 1385, -3602.44, "B", "SMD", "$1N10", "", "R", 31.5, 35.43, 0, 270],
		[53, "R11_2", 1385, -3657.56, "B", "SMD", "$1N9", "", "R", 31.5, 35.43, 0, 270],
		[54, "R12_1", 1259.28, -3365, "B", "SMD", "$1N1", "", "R", 31.5, 35.43, 0, 0],
		[55, "R12_2", 1314.4, -3365, "B", "SMD", "$1N11", "", "R", 31.5, 35.43, 0, 0],
		[56, "R17_1", 2135.03, -3597.37, "B", "SMD", "$1N16", "", "R", 31.5, 35.43, 0, 270],
		[57, "R17_2", 2135.03, -3652.49, "B", "SMD", "$1N15", "", "R", 31.5, 35.43, 0, 270],
		[58, "R18_1", 2027.56, -3365, "B", "SMD", "$1N9", "", "R", 31.5, 35.43, 0, 0],
		[59, "R18_2", 2082.68, -3365, "B", "SMD", "$1N17", "", "R", 31.5, 35.43, 0, 0],
		[60, "R23_1", 2890, -3597.44, "B", "SMD", "$1N22", "", "R", 31.5, 35.43, 0, 270],
		[61, "R23_2", 2890, -3652.56, "B", "SMD", "$1N21", "", "R", 31.5, 35.43, 0, 270],
		[62, "R24_1", 2762.44, -3365, "B", "SMD", "$1N15", "", "R", 31.5, 35.43, 0, 0],
		[63, "R24_2", 2817.56, -3365, "B", "SMD", "$1N23", "", "R", 31.5, 35.43, 0, 0],
		[64, "R29_1", 3610, -3612.44, "B", "SMD", "$1N28", "", "R", 31.5, 35.43, 0, 270],
		[65, "R29_2", 3610, -3667.56, "B", "SMD", "GND", "GND", "R", 31.5, 35.43, 0, 270],
		[66, "R30_1", 3512.44, -3370, "B", "SMD", "$1N21", "", "R", 31.5, 35.43, 0, 0],
		[67, "R30_2", 3567.56, -3370, "B", "SMD", "$1N29", "", "R", 31.5, 35.43, 0, 0],
		[68, "R37_1", 1950, -3753.26, "B", "SMD", "$1N14", "", "R", 50.49, 110.55, 0, 270],
		[69, "R37_2", 1950, -3866.74, "B", "SMD", "$1N9", "", "R", 50.49, 110.55, 0, 270],
		[70, "R38_1", 1950, -3256.74, "B", "SMD", "$1N14", "", "R", 50.49, 110.55, 0, 90],
		[71, "R38_2", 1950, -3143.26, "B", "SMD", "$1N9", "", "R", 50.49, 110.55, 0, 90],
		[72, "R39_1", 2099.48, -3753.26, "B", "SMD", "$1N14", "", "R", 50.49, 110.55, 0, 270],
		[73, "R39_2", 2099.48, -3866.74, "B", "SMD", "$1N9", "", "R", 50.49, 110.55, 0, 270],
		[74, "R40_1", 2099.48, -3256.74, "B", "SMD", "$1N14", "", "R", 50.49, 110.55, 0, 90],
		[75, "R40_2", 2099.48, -3143.26, "B", "SMD", "$1N9", "", "R", 50.49, 110.55, 0, 90],
		[76, "R41_1", 2727.43, -3753.26, "B", "SMD", "$1N20", "", "R", 50.49, 110.55, 0, 270],
		[77, "R41_2", 2727.43, -3866.74, "B", "SMD", "$1N15", "", "R", 50.49, 110.55, 0, 270],
		[78, "R42_1", 2727.43, -3256.74, "B", "SMD", "$1N20", "", "R", 50.49, 110.55, 0, 90],
		[79, "R42_2", 2727.43, -3143.26, "B", "SMD", "$1N15", "", "R", 50.49, 110.55, 0, 90],
		[80, "R43_1", 2865.09, -3753.26, "B", "SMD", "$1N20", "", "R", 50.49, 110.55, 0, 270],
		[81, "R43_2", 2865.09, -3866.74, "B", "SMD", "$1N15", "", "R", 50.49, 110.55, 0, 270],
		[82, "R44_1", 2865.09, -3256.74, "B", "SMD", "$1N20", "", "R", 50.49, 110.55, 0, 90],
		[83, "R44_2", 2865.09, -3143.26, "B", "SMD", "$1N15", "", "R", 50.49, 110.55, 0, 90],
		[84, "R45_1", 3462.34, -3753.26, "B", "SMD", "$1N26", "", "R", 50.49, 110.55, 0, 270],
		[85, "R45_2", 3462.34, -3866.74, "B", "SMD", "$1N21", "", "R", 50.49, 110.55, 0, 270],
		[86, "R46_1", 3462.34, -3256.74, "B", "SMD", "$1N26", "", "R", 50.49, 110.55, 0, 90],
		[87, "R46_2", 3462.34, -3143.26, "B", "SMD", "$1N21", "", "R", 50.49, 110.55, 0, 90],
		[88, "R47_1", 3600, -3753.26, "B", "SMD", "$1N26", "", "R", 50.49, 110.55, 0, 270],
		[89, "R47_2", 3600, -3866.74, "B", "SMD", "$1N21", "", "R", 50.49, 110.55, 0, 270],
		[90, "R48_1", 3600, -3256.74, "B", "SMD", "$1N26", "", "R", 50.49, 110.55, 0, 90],
		[91, "R48_2", 3600, -3143.26, "B", "SMD", "$1N21", "", "R", 50.49, 110.55, 0, 90],
		[92, "U1_1", 512.6, -3446.69, "B", "SMD", "13.25V", "", "R", 23.62, 39.37, 0, 0],
		[93, "U1_2", 550, -3446.69, "B", "SMD", "$1N1", "", "R", 23.62, 39.37, 0, 0],
		[94, "U1_3", 587.4, -3446.69, "B", "SMD", "$1N3", "", "R", 23.62, 39.37, 0, 0],
		[95, "U1_4", 587.4, -3533.31, "B", "SMD", "U1_4", "", "R", 23.62, 39.37, 0, 0],
		[96, "U1_5", 512.6, -3533.31, "B", "SMD", "$1N4", "", "R", 23.62, 39.37, 0, 0],
		[97, "U2_1", 1257.6, -3446.69, "B", "SMD", "$1N1", "", "R", 23.62, 39.37, 0, 0],
		[98, "U2_2", 1295, -3446.69, "B", "SMD", "$1N9", "", "R", 23.62, 39.37, 0, 0],
		[99, "U2_3", 1332.4, -3446.69, "B", "SMD", "$1N11", "", "R", 23.62, 39.37, 0, 0],
		[100, "U2_4", 1332.4, -3533.31, "B", "SMD", "U2_4", "", "R", 23.62, 39.37, 0, 0],
		[101, "U2_5", 1257.6, -3533.31, "B", "SMD", "$1N10", "", "R", 23.62, 39.37, 0, 0],
		[102, "U3_1", 2017.6, -3446.69, "B", "SMD", "$1N9", "", "R", 23.62, 39.37, 0, 0],
		[103, "U3_2", 2055, -3446.69, "B", "SMD", "$1N15", "", "R", 23.62, 39.37, 0, 0],
		[104, "U3_3", 2092.4, -3446.69, "B", "SMD", "$1N17", "", "R", 23.62, 39.37, 0, 0],
		[105, "U3_4", 2092.4, -3533.31, "B", "SMD", "U3_4", "", "R", 23.62, 39.37, 0, 0],
		[106, "U3_5", 2017.6, -3533.31, "B", "SMD", "$1N16", "", "R", 23.62, 39.37, 0, 0],
		[107, "U4_1", 2757.6, -3446.69, "B", "SMD", "$1N15", "", "R", 23.62, 39.37, 0, 0],
		[108, "U4_2", 2795, -3446.69, "B", "SMD", "$1N21", "", "R", 23.62, 39.37, 0, 0],
		[109, "U4_3", 2832.4, -3446.69, "B", "SMD", "$1N23", "", "R", 23.62, 39.37, 0, 0],
		[110, "U4_4", 2832.4, -3533.31, "B", "SMD", "U4_4", "", "R", 23.62, 39.37, 0, 0],
		[111, "U4_5", 2757.6, -3533.31, "B", "SMD", "$1N22", "", "R", 23.62, 39.37, 0, 0],
		[112, "U5_1", 3502.6, -3446.69, "B", "SMD", "$1N21", "", "R", 23.62, 39.37, 0, 0],
		[113, "U5_2", 3540, -3446.69, "B", "SMD", "GND", "GND", "R", 23.62, 39.37, 0, 0],
		[114, "U5_3", 3577.4, -3446.69, "B", "SMD", "$1N29", "", "R", 23.62, 39.37, 0, 0],
		[115, "U5_4", 3577.4, -3533.31, "B", "SMD", "U5_4", "", "R", 23.62, 39.37, 0, 0],
		[116, "U5_5", 3502.6, -3533.31, "B", "SMD", "$1N28", "", "R", 23.62, 39.37, 0, 0],
		[117, "U6_1", 398.43, -3485, "T", "DIP", "13.25V", "", "C", 86.61, 86.61, 51.18, 90],
		[118, "U6_1", 398.43, -3485, "B", "DIP", "13.25V", "", "C", 86.61, 86.61, 51.18, 90],
		[119, "U6_2", 701.58, -3485, "T", "DIP", "$1N1", "", "C", 86.61, 86.61, 51.18, 90],
		[120, "U6_2", 701.58, -3485, "B", "DIP", "$1N1", "", "C", 86.61, 86.61, 51.18, 90],
		[121, "U7_1", 1140.92, -3489.15, "T", "DIP", "$1N1", "", "C", 86.61, 86.61, 51.18, 90],
		[122, "U7_1", 1140.92, -3489.15, "B", "DIP", "$1N1", "", "C", 86.61, 86.61, 51.18, 90],
		[123, "U7_2", 1444.08, -3489.15, "T", "DIP", "$1N9", "", "C", 86.61, 86.61, 51.18, 90],
		[124, "U7_2", 1444.08, -3489.15, "B", "DIP", "$1N9", "", "C", 86.61, 86.61, 51.18, 90],
		[125, "U8_1", 1883.42, -3489.15, "T", "DIP", "$1N9", "", "C", 86.61, 86.61, 51.18, 90],
		[126, "U8_1", 1883.42, -3489.15, "B", "DIP", "$1N9", "", "C", 86.61, 86.61, 51.18, 90],
		[127, "U8_2", 2186.57, -3489.15, "T", "DIP", "$1N15", "", "C", 86.61, 86.61, 51.18, 90],
		[128, "U8_2", 2186.57, -3489.15, "B", "DIP", "$1N15", "", "C", 86.61, 86.61, 51.18, 90],
		[129, "U9_1", 2625.92, -3489.15, "T", "DIP", "$1N15", "", "C", 86.61, 86.61, 51.18, 90],
		[130, "U9_1", 2625.92, -3489.15, "B", "DIP", "$1N15", "", "C", 86.61, 86.61, 51.18, 90],
		[131, "U9_2", 2929.08, -3489.15, "T", "DIP", "$1N21", "", "C", 86.61, 86.61, 51.18, 90],
		[132, "U9_2", 2929.08, -3489.15, "B", "DIP", "$1N21", "", "C", 86.61, 86.61, 51.18, 90],
		[133, "U10_1", 3368.42, -3490, "T", "DIP", "$1N21", "", "C", 86.61, 86.61, 51.18, 90],
		[134, "U10_1", 3368.42, -3490, "B", "DIP", "$1N21", "", "C", 86.61, 86.61, 51.18, 90],
		[135, "U10_2", 3671.58, -3490, "T", "DIP", "GND", "GND", "C", 86.61, 86.61, 51.18, 90],
		[136, "U10_2", 3671.58, -3490, "B", "DIP", "GND", "GND", "C", 86.61, 86.61, 51.18, 90]
	]
}
}